,CBDSCV,CBDSCV_Mini,DBSCV,DOBSCV,KFold,StratifiedKFold
CBDSCV,0.00000,0.29444,0.44358,0.47622,0.73685,0.00000
CBDSCV_Mini,0.00000,0.00000,0.00733,0.11120,0.03601,0.00011
DBSCV,0.00000,0.00000,0.00000,0.08293,0.22127,0.00000
DOBSCV,0.00000,0.00000,0.00000,0.00000,0.06654,0.00047
KFold,0.00000,0.00000,0.00000,0.00000,0.00000,0.00003
StratifiedKFold,0.00000,0.00000,0.00000,0.00000,0.00000,0.00000
