,CBDSCV,CBDSCV_Mini,DBSCV,DOBSCV,KFold,StratifiedKFold
CBDSCV,0.00000,0.27038,0.84021,0.88246,0.78017,0.74192
CBDSCV_Mini,0.00000,0.00000,0.40242,0.23158,0.09557,0.16622
DBSCV,0.00000,0.00000,0.00000,0.60951,0.47622,0.86128
DOBSCV,0.00000,0.00000,0.00000,0.00000,0.23687,0.86701
KFold,0.00000,0.00000,0.00000,0.00000,0.00000,0.45953
StratifiedKFold,0.00000,0.00000,0.00000,0.00000,0.00000,0.00000
