,CBDSCV,CBDSCV_Mini,DBSCV,DOBSCV,KFold,StratifiedKFold
CBDSCV,0.00000,0.22638,0.28224,0.98928,0.14660,0.60951
CBDSCV_Mini,0.00000,0.00000,0.72673,0.09034,0.02005,0.57239
DBSCV,0.00000,0.00000,0.00000,0.25887,0.01613,0.39711
DOBSCV,0.00000,0.00000,0.00000,0.00000,0.36071,0.58618
KFold,0.00000,0.00000,0.00000,0.00000,0.00000,0.06755
StratifiedKFold,0.00000,0.00000,0.00000,0.00000,0.00000,0.00000
