,CBDSCV,CBDSCV_Mini,DBSCV,DOBSCV,KFold,StratifiedKFold
CBDSCV,0.00000,0.16622,0.04893,0.91111,0.42776,0.03483
CBDSCV_Mini,0.00000,0.00000,0.02005,0.39711,0.19001,0.22127
DBSCV,0.00000,0.00000,0.00000,0.06754,0.11272,0.00562
DOBSCV,0.00000,0.00000,0.00000,0.00000,0.75720,0.04893
KFold,0.00000,0.00000,0.00000,0.00000,0.00000,0.02115
StratifiedKFold,0.00000,0.00000,0.00000,0.00000,0.00000,0.00000
