,CBDSCV,CBDSCV_Mini,DBSCV,DOBSCV,KFold,StratifiedKFold
CBDSCV,0.00000,0.70665,0.03660,0.25887,0.90371,0.00002
CBDSCV_Mini,0.00000,0.00000,0.17891,0.24770,0.39711,0.00001
DBSCV,0.00000,0.00000,0.00000,0.01498,0.20642,0.00099
DOBSCV,0.00000,0.00000,0.00000,0.00000,0.03204,0.00002
KFold,0.00000,0.00000,0.00000,0.00000,0.00000,0.00043
StratifiedKFold,0.00000,0.00000,0.00000,0.00000,0.00000,0.00000
