,CBDSCV,CBDSCV_Mini,DBSCV,DOBSCV,KFold,StratifiedKFold
CBDSCV,0.00000,0.74700,0.91437,0.01935,0.53638,0.00000
CBDSCV_Mini,0.00000,0.00000,0.93038,0.26458,0.69669,0.00000
DBSCV,0.00000,0.00000,0.00000,0.20883,0.85074,0.00001
DOBSCV,0.00000,0.00000,0.00000,0.00000,0.12217,0.00000
KFold,0.00000,0.00000,0.00000,0.00000,0.00000,0.00000
StratifiedKFold,0.00000,0.00000,0.00000,0.00000,0.00000,0.00000
