,CBDSCV,CBDSCV_Mini,DBSCV,DOBSCV,KFold,StratifiedKFold
CBDSCV,0.00000,0.01735,0.45974,0.40086,0.17037,0.00000
CBDSCV_Mini,0.00000,0.00000,0.02154,0.09557,0.19230,0.00000
DBSCV,0.00000,0.00000,0.00000,0.29444,0.51880,0.00000
DOBSCV,0.00000,0.00000,0.00000,0.00000,0.36071,0.00000
KFold,0.00000,0.00000,0.00000,0.00000,0.00000,0.00000
StratifiedKFold,0.00000,0.00000,0.00000,0.00000,0.00000,0.00000
