,CBDSCV,CBDSCV_Mini,DBSCV,DOBSCV,KFold,StratifiedKFold
CBDSCV,0.00000,0.22127,0.48458,0.34676,0.97319,0.33316
CBDSCV_Mini,0.00000,0.00000,0.48458,0.80882,0.25886,0.45162
DBSCV,0.00000,0.00000,0.00000,0.91437,0.51013,0.04239
DOBSCV,0.00000,0.00000,0.00000,0.00000,0.27038,0.13926
KFold,0.00000,0.00000,0.00000,0.00000,0.00000,0.03483
StratifiedKFold,0.00000,0.00000,0.00000,0.00000,0.00000,0.00000
