,CBDSCV,CBDSCV_Mini,DBSCV,DOBSCV,KFold,StratifiedKFold
CBDSCV,0.00000,0.02479,0.92218,0.25324,0.33992,0.01978
CBDSCV_Mini,0.00000,0.00000,0.05806,0.06171,0.41960,0.54974
DBSCV,0.00000,0.00000,0.00000,0.49302,0.24225,0.00114
DOBSCV,0.00000,0.00000,0.00000,0.00000,0.85074,0.02005
KFold,0.00000,0.00000,0.00000,0.00000,0.00000,0.15260
StratifiedKFold,0.00000,0.00000,0.00000,0.00000,0.00000,0.00000
