,CBDSCV,CBDSCV_Mini,DBSCV,DOBSCV,KFold,StratifiedKFold
CBDSCV,0.00000,0.38966,0.16416,0.36071,0.78806,0.06959
CBDSCV_Mini,0.00000,0.00000,0.03721,0.67200,0.59082,0.59082
DBSCV,0.00000,0.00000,0.00000,0.00476,0.11580,0.01613
DOBSCV,0.00000,0.00000,0.00000,0.00000,0.69669,0.38966
KFold,0.00000,0.00000,0.00000,0.00000,0.00000,0.11580
StratifiedKFold,0.00000,0.00000,0.00000,0.00000,0.00000,0.00000
