,CBDSCV,CBDSCV_Mini,DBSCV,DOBSCV,KFold,StratifiedKFold
CBDSCV,0.00000,0.67691,0.31341,0.95712,0.44358,0.10104
CBDSCV_Mini,0.00000,0.00000,0.05631,0.12379,0.03660,0.94642
DBSCV,0.00000,0.00000,0.00000,0.66222,0.94642,0.08057
DOBSCV,0.00000,0.00000,0.00000,0.00000,0.91437,0.01673
KFold,0.00000,0.00000,0.00000,0.00000,0.00000,0.01498
StratifiedKFold,0.00000,0.00000,0.00000,0.00000,0.00000,0.00000
