,CBDSCV,CBDSCV_Mini,DBSCV,DOBSCV,KFold,StratifiedKFold
CBDSCV,0.00000,0.28224,0.16214,0.23687,0.93572,0.00877
CBDSCV_Mini,0.00000,0.00000,0.82332,0.08057,0.89839,0.00402
DBSCV,0.00000,0.00000,0.00000,0.02078,0.27038,0.00182
DOBSCV,0.00000,0.00000,0.00000,0.00000,0.24770,0.08293
KFold,0.00000,0.00000,0.00000,0.00000,0.00000,0.01107
StratifiedKFold,0.00000,0.00000,0.00000,0.00000,0.00000,0.00000
