,CBDSCV,CBDSCV_Mini,DBSCV,DOBSCV,KFold,StratifiedKFold
CBDSCV,0.00000,0.57239,0.07827,0.63324,0.89839,0.44358
CBDSCV_Mini,0.00000,0.00000,0.04378,0.40464,0.33316,0.98887
DBSCV,0.00000,0.00000,0.00000,0.01242,0.09293,0.07602
DOBSCV,0.00000,0.00000,0.00000,0.00000,0.91437,0.96661
KFold,0.00000,0.00000,0.00000,0.00000,0.00000,0.17891
StratifiedKFold,0.00000,0.00000,0.00000,0.00000,0.00000,0.00000
