,CBDSCV,CBDSCV_Mini,DBSCV,DOBSCV,KFold,StratifiedKFold
CBDSCV,0.00000,0.10387,0.23687,0.25887,0.66710,0.93572
CBDSCV_Mini,0.00000,0.00000,0.49302,0.57671,0.20163,0.32649
DBSCV,0.00000,0.00000,0.00000,0.73685,0.19692,0.77774
DOBSCV,0.00000,0.00000,0.00000,0.00000,0.07491,0.26458
KFold,0.00000,0.00000,0.00000,0.00000,0.00000,0.21128
StratifiedKFold,0.00000,0.00000,0.00000,0.00000,0.00000,0.00000
