,CBDSCV,CBDSCV_Mini,DBSCV,DOBSCV,KFold,StratifiedKFold
CBDSCV,0.00000,0.04520,0.78806,0.27626,0.23687,0.08534
CBDSCV_Mini,0.00000,0.00000,0.01129,0.14289,0.06555,0.66711
DBSCV,0.00000,0.00000,0.00000,0.31990,0.50154,0.02522
DOBSCV,0.00000,0.00000,0.00000,0.00000,0.47622,0.32980
KFold,0.00000,0.00000,0.00000,0.00000,0.00000,0.03973
StratifiedKFold,0.00000,0.00000,0.00000,0.00000,0.00000,0.00000
