,CBDSCV,CBDSCV_Mini,DBSCV,DOBSCV,KFold,StratifiedKFold
CBDSCV,0.00000,0.13908,0.70665,0.28224,0.70665,0.00001
CBDSCV_Mini,0.00000,0.00000,0.24770,0.30700,0.02231,0.00000
DBSCV,0.00000,0.00000,0.00000,0.55424,0.31990,0.00002
DOBSCV,0.00000,0.00000,0.00000,0.00000,0.36071,0.00000
KFold,0.00000,0.00000,0.00000,0.00000,0.00000,0.00013
StratifiedKFold,0.00000,0.00000,0.00000,0.00000,0.00000,0.00000
