,CBDSCV,CBDSCV_Mini,DBSCV,DOBSCV,KFold,StratifiedKFold
CBDSCV,0.00000,0.11272,0.17037,0.95712,0.68677,0.04817
CBDSCV_Mini,0.00000,0.00000,0.75721,0.20163,0.03258,0.09557
DBSCV,0.00000,0.00000,0.00000,0.10971,0.02750,0.80882
DOBSCV,0.00000,0.00000,0.00000,0.00000,0.60013,0.04667
KFold,0.00000,0.00000,0.00000,0.00000,0.00000,0.00311
StratifiedKFold,0.00000,0.00000,0.00000,0.00000,0.00000,0.00000
