,CBDSCV,CBDSCV_Mini,DBSCV,DOBSCV,KFold,StratifiedKFold
CBDSCV,0.00000,0.06755,0.16622,0.22639,0.96248,0.80882
CBDSCV_Mini,0.00000,0.00000,0.39711,0.65519,0.11580,0.45162
DBSCV,0.00000,0.00000,0.00000,0.62847,0.19692,0.66710
DOBSCV,0.00000,0.00000,0.00000,0.00000,0.04667,0.87186
KFold,0.00000,0.00000,0.00000,0.00000,0.00000,0.13926
StratifiedKFold,0.00000,0.00000,0.00000,0.00000,0.00000,0.00000
