,CBDSCV,CBDSCV_Mini,DBSCV,DOBSCV,KFold,StratifiedKFold
CBDSCV,0.00000,0.66711,0.59082,0.96783,0.56782,0.41997
CBDSCV_Mini,0.00000,0.00000,0.65015,0.41224,0.82332,0.60951
DBSCV,0.00000,0.00000,0.00000,0.14847,0.48533,0.44759
DOBSCV,0.00000,0.00000,0.00000,0.00000,0.75210,0.02053
KFold,0.00000,0.00000,0.00000,0.00000,0.00000,0.68677
StratifiedKFold,0.00000,0.00000,0.00000,0.00000,0.00000,0.00000
