,CBDSCV,CBDSCV_Mini,DBSCV,DOBSCV,KFold,StratifiedKFold
CBDSCV,0.00000,0.06555,0.08534,0.70633,0.70665,0.30068
CBDSCV_Mini,0.00000,0.00000,0.53638,0.30700,0.15037,0.84021
DBSCV,0.00000,0.00000,0.00000,0.06754,0.15617,0.28830
DOBSCV,0.00000,0.00000,0.00000,0.00000,0.76745,0.42776
KFold,0.00000,0.00000,0.00000,0.00000,0.00000,0.06361
StratifiedKFold,0.00000,0.00000,0.00000,0.00000,0.00000,0.00000
