,CBDSCV,CBDSCV_Mini,DBSCV,DOBSCV,KFold,StratifiedKFold
CBDSCV,0.00000,0.18959,0.60951,0.33992,0.74700,0.00052
CBDSCV_Mini,0.00000,0.00000,0.41610,0.87186,0.24770,0.00099
DBSCV,0.00000,0.00000,0.00000,0.82972,0.45974,0.00004
DOBSCV,0.00000,0.00000,0.00000,0.00000,0.30699,0.00032
KFold,0.00000,0.00000,0.00000,0.00000,0.00000,0.00032
StratifiedKFold,0.00000,0.00000,0.00000,0.00000,0.00000,0.00000
