,CBDSCV,CBDSCV_Mini,DBSCV,DOBSCV,KFold,StratifiedKFold
CBDSCV,0.00000,0.13570,0.31341,0.98928,0.95712,0.00012
CBDSCV_Mini,0.00000,0.00000,0.44358,0.18776,0.03973,0.00000
DBSCV,0.00000,0.00000,0.00000,0.81403,0.58157,0.00010
DOBSCV,0.00000,0.00000,0.00000,0.00000,0.60013,0.00041
KFold,0.00000,0.00000,0.00000,0.00000,0.00000,0.00037
StratifiedKFold,0.00000,0.00000,0.00000,0.00000,0.00000,0.00000
