,CBDSCV,CBDSCV_Mini,DBSCV,DOBSCV,KFold,StratifiedKFold
CBDSCV,0.00000,0.82972,0.32649,0.60951,0.49302,0.64767
CBDSCV_Mini,0.00000,0.00000,0.09293,0.13747,0.22638,0.47622
DBSCV,0.00000,0.00000,0.00000,0.80882,0.94642,0.27924
DOBSCV,0.00000,0.00000,0.00000,0.00000,0.81926,0.03369
KFold,0.00000,0.00000,0.00000,0.00000,0.00000,0.42776
StratifiedKFold,0.00000,0.00000,0.00000,0.00000,0.00000,0.00000
