,CBDSCV,CBDSCV_Mini,DBSCV,DOBSCV,KFold,StratifiedKFold
CBDSCV,0.00000,0.86129,0.63804,0.42775,0.95712,0.00064
CBDSCV_Mini,0.00000,0.00000,0.31990,0.57239,0.94642,0.00078
DBSCV,0.00000,0.00000,0.00000,0.55424,0.34676,0.00005
DOBSCV,0.00000,0.00000,0.00000,0.00000,0.36071,0.00020
KFold,0.00000,0.00000,0.00000,0.00000,0.00000,0.00008
StratifiedKFold,0.00000,0.00000,0.00000,0.00000,0.00000,0.00000
