,CBDSCV,CBDSCV_Mini,DBSCV,DOBSCV,KFold,StratifiedKFold
CBDSCV,0.00000,0.61896,0.45162,0.76745,0.13570,0.20642
CBDSCV_Mini,0.00000,0.00000,0.79843,0.29444,0.07869,0.62370
DBSCV,0.00000,0.00000,0.00000,0.24225,0.03258,0.82972
DOBSCV,0.00000,0.00000,0.00000,0.00000,0.31341,0.10104
KFold,0.00000,0.00000,0.00000,0.00000,0.00000,0.01443
StratifiedKFold,0.00000,0.00000,0.00000,0.00000,0.00000,0.00000
