,CBDSCV,CBDSCV_Mini,DBSCV,DOBSCV,KFold,StratifiedKFold
CBDSCV,0.00000,0.03721,0.71667,0.11272,0.03258,0.00090
CBDSCV_Mini,0.00000,0.00000,0.00291,0.28830,0.46794,0.01065
DBSCV,0.00000,0.00000,0.00000,0.10104,0.19230,0.00040
DOBSCV,0.00000,0.00000,0.00000,0.00000,0.68677,0.00361
KFold,0.00000,0.00000,0.00000,0.00000,0.00000,0.00476
StratifiedKFold,0.00000,0.00000,0.00000,0.00000,0.00000,0.00000
