,CBDSCV,CBDSCV_Mini,DBSCV,DOBSCV,KFold,StratifiedKFold
CBDSCV,0.00000,0.43563,0.05241,0.92218,0.59155,0.03450
CBDSCV_Mini,0.00000,0.00000,0.12880,0.81926,0.68570,0.23008
DBSCV,0.00000,0.00000,0.00000,0.12880,0.06345,0.00611
DOBSCV,0.00000,0.00000,0.00000,0.00000,0.61540,0.03973
KFold,0.00000,0.00000,0.00000,0.00000,0.00000,0.04104
StratifiedKFold,0.00000,0.00000,0.00000,0.00000,0.00000,0.00000
