,CBDSCV,CBDSCV_Mini,DBSCV,DOBSCV,KFold,StratifiedKFold
CBDSCV,0.00000,0.98928,0.96783,0.15422,0.41997,0.00000
CBDSCV_Mini,0.00000,0.00000,0.82972,0.28224,0.41226,0.00000
DBSCV,0.00000,0.00000,0.00000,0.17460,0.97855,0.00000
DOBSCV,0.00000,0.00000,0.00000,0.00000,0.02078,0.00000
KFold,0.00000,0.00000,0.00000,0.00000,0.00000,0.00000
StratifiedKFold,0.00000,0.00000,0.00000,0.00000,0.00000,0.00000
