,CBDSCV,CBDSCV_Mini,DBSCV,DOBSCV,KFold,StratifiedKFold
CBDSCV,0.00000,0.95712,0.45162,0.36781,0.70665,0.07168
CBDSCV_Mini,0.00000,0.00000,0.57697,0.63804,0.10386,0.18329
DBSCV,0.00000,0.00000,0.00000,0.64767,0.15815,0.60013
DOBSCV,0.00000,0.00000,0.00000,0.00000,0.14659,0.46794
KFold,0.00000,0.00000,0.00000,0.00000,0.00000,0.08781
StratifiedKFold,0.00000,0.00000,0.00000,0.00000,0.00000,0.00000
