,CBDSCV,CBDSCV_Mini,DBSCV,DOBSCV,KFold,StratifiedKFold
CBDSCV,0.00000,0.43563,0.48458,0.98928,0.33316,0.96783
CBDSCV_Mini,0.00000,0.00000,0.81926,0.44358,0.65736,0.38966
DBSCV,0.00000,0.00000,0.00000,0.55875,0.86129,0.87186
DOBSCV,0.00000,0.00000,0.00000,0.00000,0.54527,0.86129
KFold,0.00000,0.00000,0.00000,0.00000,0.00000,0.33316
StratifiedKFold,0.00000,0.00000,0.00000,0.00000,0.00000,0.00000
