,CBDSCV,CBDSCV_Mini,DBSCV,DOBSCV,KFold,StratifiedKFold
CBDSCV,0.00000,0.51881,0.93572,0.55424,0.15036,0.25324
CBDSCV_Mini,0.00000,0.00000,0.31341,0.56782,0.38966,0.61540
DBSCV,0.00000,0.00000,0.00000,0.50154,0.09691,0.08057
DOBSCV,0.00000,0.00000,0.00000,0.00000,0.15422,0.27038
KFold,0.00000,0.00000,0.00000,0.00000,0.00000,0.04817
StratifiedKFold,0.00000,0.00000,0.00000,0.00000,0.00000,0.00000
