,CBDSCV,CBDSCV_Mini,DBSCV,DOBSCV,KFold,StratifiedKFold
CBDSCV,0.00000,0.39711,0.63804,0.30834,0.33992,0.00748
CBDSCV_Mini,0.00000,0.00000,0.82331,0.88350,0.85604,0.03483
DBSCV,0.00000,0.00000,0.00000,0.87186,0.37501,0.00402
DOBSCV,0.00000,0.00000,0.00000,0.00000,0.63803,0.13908
KFold,0.00000,0.00000,0.00000,0.00000,0.00000,0.00126
StratifiedKFold,0.00000,0.00000,0.00000,0.00000,0.00000,0.00000
