,CBDSCV,CBDSCV_Mini,DBSCV,DOBSCV,KFold,StratifiedKFold
CBDSCV,0.00000,0.74700,0.57239,0.60951,0.72673,0.11272
CBDSCV_Mini,0.00000,0.00000,0.18776,0.84021,0.61896,0.07168
DBSCV,0.00000,0.00000,0.00000,0.43168,0.06265,0.52756
DOBSCV,0.00000,0.00000,0.00000,0.00000,0.17891,0.06555
KFold,0.00000,0.00000,0.00000,0.00000,0.00000,0.12880
StratifiedKFold,0.00000,0.00000,0.00000,0.00000,0.00000,0.00000
