,CBDSCV,CBDSCV_Mini,DBSCV,DOBSCV,KFold,StratifiedKFold
CBDSCV,0.00000,0.60562,0.61895,0.70665,0.54527,0.40464
CBDSCV_Mini,0.00000,0.00000,0.75210,0.71165,0.45162,0.41609
DBSCV,0.00000,0.00000,0.00000,0.51445,0.18551,0.15815
DOBSCV,0.00000,0.00000,0.00000,0.00000,0.38596,0.20412
KFold,0.00000,0.00000,0.00000,0.00000,0.00000,0.01583
StratifiedKFold,0.00000,0.00000,0.00000,0.00000,0.00000,0.00000
