,CBDSCV,CBDSCV_Mini,DBSCV,DOBSCV,KFold,StratifiedKFold
CBDSCV,0.00000,0.79843,0.06959,0.06078,0.50154,0.32981
CBDSCV_Mini,0.00000,0.00000,0.34676,0.52756,0.55424,0.04378
DBSCV,0.00000,0.00000,0.00000,0.45162,0.48458,0.00540
DOBSCV,0.00000,0.00000,0.00000,0.00000,0.72169,0.13221
KFold,0.00000,0.00000,0.00000,0.00000,0.00000,0.08174
StratifiedKFold,0.00000,0.00000,0.00000,0.00000,0.00000,0.00000
