,CBDSCV,CBDSCV_Mini,DBSCV,DOBSCV,KFold,StratifiedKFold
CBDSCV,0.00000,0.05806,0.03046,0.01107,0.00067,0.90371
CBDSCV_Mini,0.00000,0.00000,0.92504,0.91437,0.23159,0.06555
DBSCV,0.00000,0.00000,0.00000,0.47665,0.16711,0.05129
DOBSCV,0.00000,0.00000,0.00000,0.00000,0.43563,0.02231
KFold,0.00000,0.00000,0.00000,0.00000,0.00000,0.00101
StratifiedKFold,0.00000,0.00000,0.00000,0.00000,0.00000,0.00000
