,CBDSCV,CBDSCV_Mini,DBSCV,DOBSCV,KFold,StratifiedKFold
CBDSCV,0.00000,0.32318,0.59591,0.35703,0.78806,0.00877
CBDSCV_Mini,0.00000,0.00000,0.57239,0.34676,0.77774,0.01554
DBSCV,0.00000,0.00000,0.00000,0.52756,0.43452,0.00324
DOBSCV,0.00000,0.00000,0.00000,0.00000,0.81926,0.00718
KFold,0.00000,0.00000,0.00000,0.00000,0.00000,0.01065
StratifiedKFold,0.00000,0.00000,0.00000,0.00000,0.00000,0.00000
