,CBDSCV,CBDSCV_Mini,DBSCV,DOBSCV,KFold,StratifiedKFold
CBDSCV,0.00000,0.08413,0.38692,0.15664,0.61540,0.39336
CBDSCV_Mini,0.00000,0.00000,0.02750,0.00262,0.11971,0.82684
DBSCV,0.00000,0.00000,0.00000,0.08413,0.65519,0.60013
DOBSCV,0.00000,0.00000,0.00000,0.00000,0.23555,0.00311
KFold,0.00000,0.00000,0.00000,0.00000,0.00000,0.13394
StratifiedKFold,0.00000,0.00000,0.00000,0.00000,0.00000,0.00000
