,CBDSCV,CBDSCV_Mini,DBSCV,DOBSCV,KFold,StratifiedKFold
CBDSCV,0.00000,0.23687,0.93572,0.27038,0.64766,0.00009
CBDSCV_Mini,0.00000,0.00000,0.71165,0.88901,0.62847,0.00174
DBSCV,0.00000,0.00000,0.00000,0.87186,0.84021,0.00402
DOBSCV,0.00000,0.00000,0.00000,0.00000,0.40464,0.00182
KFold,0.00000,0.00000,0.00000,0.00000,0.00000,0.00208
StratifiedKFold,0.00000,0.00000,0.00000,0.00000,0.00000,0.00000
