,CBDSCV,CBDSCV_Mini,DBSCV,DOBSCV,KFold,StratifiedKFold
CBDSCV,0.00000,0.45162,0.41226,0.73685,0.89308,0.00218
CBDSCV_Mini,0.00000,0.00000,0.39710,1.00000,0.75721,0.01866
DBSCV,0.00000,0.00000,0.00000,0.39711,0.13570,0.00208
DOBSCV,0.00000,0.00000,0.00000,0.00000,0.88246,0.00586
KFold,0.00000,0.00000,0.00000,0.00000,0.00000,0.03258
StratifiedKFold,0.00000,0.00000,0.00000,0.00000,0.00000,0.00000
