,CBDSCV,CBDSCV_Mini,DBSCV,DOBSCV,KFold,StratifiedKFold
CBDSCV,0.00000,0.28224,0.11895,0.23687,0.04741,0.00001
CBDSCV_Mini,0.00000,0.00000,0.01704,0.07941,0.00843,0.00001
DBSCV,0.00000,0.00000,0.00000,0.26458,0.67691,0.00000
DOBSCV,0.00000,0.00000,0.00000,0.00000,0.78806,0.00001
KFold,0.00000,0.00000,0.00000,0.00000,0.00000,0.00000
StratifiedKFold,0.00000,0.00000,0.00000,0.00000,0.00000,0.00000
