,CBDSCV,CBDSCV_Mini,DBSCV,DOBSCV,KFold,StratifiedKFold
CBDSCV,0.00000,0.34332,0.60951,0.63516,0.51014,0.00058
CBDSCV_Mini,0.00000,0.00000,0.62847,0.28224,0.74700,0.00047
DBSCV,0.00000,0.00000,0.00000,0.31341,0.39463,0.00120
DOBSCV,0.00000,0.00000,0.00000,0.00000,0.87186,0.00144
KFold,0.00000,0.00000,0.00000,0.00000,0.00000,0.00005
StratifiedKFold,0.00000,0.00000,0.00000,0.00000,0.00000,0.00000
