,CBDSCV,CBDSCV_Mini,DBSCV,DOBSCV,KFold,StratifiedKFold
CBDSCV,0.00000,0.29444,0.44358,0.44358,0.39711,0.06361
CBDSCV_Mini,0.00000,0.00000,0.33992,0.51014,0.51881,0.48458
DBSCV,0.00000,0.00000,0.00000,0.79843,0.34676,0.07869
DOBSCV,0.00000,0.00000,0.00000,0.00000,0.60951,0.11272
KFold,0.00000,0.00000,0.00000,0.00000,0.00000,0.14289
StratifiedKFold,0.00000,0.00000,0.00000,0.00000,0.00000,0.00000
