,CBDSCV,CBDSCV_Mini,DBSCV,DOBSCV,KFold,StratifiedKFold
CBDSCV,0.00000,0.19692,0.20641,0.01339,0.00636,0.40085
CBDSCV_Mini,0.00000,0.00000,0.86129,0.17891,0.12216,0.69172
DBSCV,0.00000,0.00000,0.00000,0.15422,0.08057,0.33316
DOBSCV,0.00000,0.00000,0.00000,0.00000,0.54974,0.11272
KFold,0.00000,0.00000,0.00000,0.00000,0.00000,0.00486
StratifiedKFold,0.00000,0.00000,0.00000,0.00000,0.00000,0.00000
