,CBDSCV,CBDSCV_Mini,DBSCV,DOBSCV,KFold,StratifiedKFold
CBDSCV,0.00000,0.77773,0.01906,0.01613,0.19228,0.03046
CBDSCV_Mini,0.00000,0.00000,0.04104,0.02479,0.14660,0.01935
DBSCV,0.00000,0.00000,0.00000,0.99464,0.64766,0.00058
DOBSCV,0.00000,0.00000,0.00000,0.00000,0.70665,0.00138
KFold,0.00000,0.00000,0.00000,0.00000,0.00000,0.00018
StratifiedKFold,0.00000,0.00000,0.00000,0.00000,0.00000,0.00000
