,CBDSCV,CBDSCV_Mini,DBSCV,DOBSCV,KFold,StratifiedKFold
CBDSCV,0.00000,0.58157,0.86129,0.54974,0.08534,0.10104
CBDSCV_Mini,0.00000,0.00000,0.31340,0.60013,0.46383,0.50154
DBSCV,0.00000,0.00000,0.00000,0.37139,0.10387,0.03601
DOBSCV,0.00000,0.00000,0.00000,0.00000,0.06555,0.15037
KFold,0.00000,0.00000,0.00000,0.00000,0.00000,0.02894
StratifiedKFold,0.00000,0.00000,0.00000,0.00000,0.00000,0.00000
