,CBDSCV,CBDSCV_Mini,DBSCV,DOBSCV,KFold,StratifiedKFold
CBDSCV,0.00000,0.05806,0.02944,0.01107,0.00028,0.41997
CBDSCV_Mini,0.00000,0.00000,0.85074,0.86128,0.23159,0.09034
DBSCV,0.00000,0.00000,0.00000,0.41031,0.14285,0.07382
DOBSCV,0.00000,0.00000,0.00000,0.00000,0.39711,0.04448
KFold,0.00000,0.00000,0.00000,0.00000,0.00000,0.00123
StratifiedKFold,0.00000,0.00000,0.00000,0.00000,0.00000,0.00000
