,CBDSCV,CBDSCV_Mini,DBSCV,DOBSCV,KFold,StratifiedKFold
CBDSCV,0.00000,0.20412,0.82972,0.39711,0.70166,0.00662
CBDSCV_Mini,0.00000,0.00000,0.70166,0.84021,0.70665,0.03151
DBSCV,0.00000,0.00000,0.00000,0.77774,0.33992,0.00354
DOBSCV,0.00000,0.00000,0.00000,0.00000,0.65519,0.03151
KFold,0.00000,0.00000,0.00000,0.00000,0.00000,0.00050
StratifiedKFold,0.00000,0.00000,0.00000,0.00000,0.00000,0.00000
