,CBDSCV,CBDSCV_Mini,DBSCV,DOBSCV,KFold,StratifiedKFold
CBDSCV,0.00000,0.22639,0.81925,0.18776,0.20883,0.00003
CBDSCV_Mini,0.00000,0.00000,0.18329,0.02750,0.68677,0.00114
DBSCV,0.00000,0.00000,0.00000,0.07827,0.57239,0.00035
DOBSCV,0.00000,0.00000,0.00000,0.00000,0.05459,0.00003
KFold,0.00000,0.00000,0.00000,0.00000,0.00000,0.00014
StratifiedKFold,0.00000,0.00000,0.00000,0.00000,0.00000,0.00000
