,CBDSCV,CBDSCV_Mini,DBSCV,DOBSCV,KFold,StratifiedKFold
CBDSCV,0.00000,0.07869,0.37501,0.20163,0.22639,0.00005
CBDSCV_Mini,0.00000,0.00000,0.86129,0.71667,0.05459,0.00457
DBSCV,0.00000,0.00000,0.00000,0.92504,0.03601,0.00249
DOBSCV,0.00000,0.00000,0.00000,0.00000,0.02944,0.00540
KFold,0.00000,0.00000,0.00000,0.00000,0.00000,0.00003
StratifiedKFold,0.00000,0.00000,0.00000,0.00000,0.00000,0.00000
