,CBDSCV,CBDSCV_Mini,DBSCV,DOBSCV,KFold,StratifiedKFold
CBDSCV,0.00000,0.04239,0.01613,0.02611,0.00151,0.39711
CBDSCV_Mini,0.00000,0.00000,0.91437,0.81926,0.21624,0.08534
DBSCV,0.00000,0.00000,0.00000,0.69669,0.32318,0.13926
DOBSCV,0.00000,0.00000,0.00000,0.00000,0.56782,0.01151
KFold,0.00000,0.00000,0.00000,0.00000,0.00000,0.00369
StratifiedKFold,0.00000,0.00000,0.00000,0.00000,0.00000,0.00000
