,CBDSCV,CBDSCV_Mini,DBSCV,DOBSCV,KFold,StratifiedKFold
CBDSCV,0.00000,0.60951,0.47622,0.60013,0.91437,0.48458
CBDSCV_Mini,0.00000,0.00000,0.07827,0.52756,0.51881,0.26458
DBSCV,0.00000,0.00000,0.00000,0.73685,0.26458,0.95712
DOBSCV,0.00000,0.00000,0.00000,0.00000,0.45974,0.53195
KFold,0.00000,0.00000,0.00000,0.00000,0.00000,0.47622
StratifiedKFold,0.00000,0.00000,0.00000,0.00000,0.00000,0.00000
