,CBDSCV,CBDSCV_Mini,DBSCV,DOBSCV,KFold,StratifiedKFold
CBDSCV,0.00000,0.27027,0.33992,0.19692,0.60951,0.00037
CBDSCV_Mini,0.00000,0.00000,0.65736,0.77774,0.27038,0.00385
DBSCV,0.00000,0.00000,0.00000,0.90371,0.05631,0.00877
DOBSCV,0.00000,0.00000,0.00000,0.00000,0.09034,0.00778
KFold,0.00000,0.00000,0.00000,0.00000,0.00000,0.00037
StratifiedKFold,0.00000,0.00000,0.00000,0.00000,0.00000,0.00000
