,CBDSCV,CBDSCV_Mini,DBSCV,DOBSCV,KFold,StratifiedKFold
CBDSCV,0.00000,0.11579,0.20163,0.18108,0.78806,0.01638
CBDSCV_Mini,0.00000,0.00000,0.75884,0.53638,0.64767,0.19230
DBSCV,0.00000,0.00000,0.00000,0.92504,0.42776,0.26458
DOBSCV,0.00000,0.00000,0.00000,0.00000,0.54527,0.12217
KFold,0.00000,0.00000,0.00000,0.00000,0.00000,0.27038
StratifiedKFold,0.00000,0.00000,0.00000,0.00000,0.00000,0.00000
