,CBDSCV,CBDSCV_Mini,DBSCV,DOBSCV,KFold,StratifiedKFold
CBDSCV,0.00000,0.81926,0.42776,0.78289,0.23159,0.10252
CBDSCV_Mini,0.00000,0.00000,0.86129,0.53638,0.57239,0.37501
DBSCV,0.00000,0.00000,0.00000,0.75721,0.10549,0.15228
DOBSCV,0.00000,0.00000,0.00000,0.00000,0.16214,0.25324
KFold,0.00000,0.00000,0.00000,0.00000,0.00000,0.03046
StratifiedKFold,0.00000,0.00000,0.00000,0.00000,0.00000,0.00000
