,CBDSCV,CBDSCV_Mini,DBSCV,DOBSCV,KFold,StratifiedKFold
CBDSCV,0.00000,0.12545,0.01554,0.00507,0.00109,0.71165
CBDSCV_Mini,0.00000,0.00000,0.29527,0.08293,0.13926,0.21128
DBSCV,0.00000,0.00000,0.00000,0.20163,0.35369,0.01800
DOBSCV,0.00000,0.00000,0.00000,0.00000,0.82972,0.00636
KFold,0.00000,0.00000,0.00000,0.00000,0.00000,0.00034
StratifiedKFold,0.00000,0.00000,0.00000,0.00000,0.00000,0.00000
